City_ID,City,Country,Date,Lat,Lng,Max Temp,Humidity,Cloudiness,Wind Speed,Current Description
0,Saskylakh,RU,2021-11-01 04:39:00,71.9167,114.0833,2.32,97,97,5.21,overcast clouds
1,Tuktoyaktuk,CA,2021-11-01 04:39:01,69.4541,-133.0374,30.2,80,75,14.97,broken clouds
2,Hermanus,ZA,2021-11-01 04:39:01,-34.4187,19.2345,61.81,74,93,13.8,light rain
3,Atuona,PF,2021-11-01 04:35:20,-9.8,-139.0333,78.84,73,0,18.92,clear sky
4,Punta Arenas,CL,2021-11-01 04:39:02,-53.15,-70.9167,46.51,57,0,8.05,clear sky
5,Busselton,AU,2021-11-01 04:39:03,-33.65,115.3333,63.05,52,82,20.92,broken clouds
6,Ahuimanu,US,2021-11-01 04:39:04,21.4447,-157.8378,80.31,71,90,4.61,overcast clouds
7,Port Elizabeth,ZA,2021-11-01 04:39:04,-33.918,25.5701,64.09,88,20,20.71,few clouds
8,Qaanaaq,GL,2021-11-01 04:37:53,77.484,-69.3632,19.27,91,100,7.7,overcast clouds
9,Thompson,CA,2021-11-01 04:39:05,55.7435,-97.8558,26.76,80,75,10.36,broken clouds
10,Poros,GR,2021-11-01 04:39:06,37.4994,23.4536,57.87,72,1,8.21,clear sky
11,Troitsko-Pechorsk,RU,2021-11-01 04:39:06,62.7084,56.1964,12.43,94,83,3.76,broken clouds
12,Ushuaia,AR,2021-11-01 04:39:07,-54.8,-68.3,46.06,71,0,3.44,clear sky
13,Cape Town,ZA,2021-11-01 04:39:08,-33.9258,18.4232,60.1,88,75,1.99,light rain
14,Albany,US,2021-11-01 04:38:55,42.6001,-73.9662,53.8,80,43,11.63,scattered clouds
15,Butaritari,KI,2021-11-01 04:39:09,3.0707,172.7902,82.58,73,11,12.12,light rain
16,Chokurdakh,RU,2021-11-01 04:38:41,70.6333,147.9167,-5.93,97,95,7.23,overcast clouds
17,Castro,BR,2021-11-01 04:39:10,-24.7911,-50.0119,57.38,96,94,7.2,overcast clouds
18,Port Alfred,ZA,2021-11-01 04:39:10,-33.5906,26.891,68.92,75,94,11.21,overcast clouds
19,Santa Rosalia,MX,2021-11-01 04:39:10,27.3167,-112.2833,71.49,44,71,6.35,broken clouds
20,Vaini,TO,2021-11-01 04:39:11,-21.2,-175.2,80.76,83,20,9.22,few clouds
21,Bluff,NZ,2021-11-01 04:39:11,-46.6,168.3333,54.79,76,92,30.76,overcast clouds
22,Kapaa,US,2021-11-01 04:39:12,22.0752,-159.319,78.78,82,75,0.0,broken clouds
23,Tasiilaq,GL,2021-11-01 04:39:12,65.6145,-37.6368,24.96,59,3,5.97,clear sky
24,New Norfolk,AU,2021-11-01 04:39:13,-42.7826,147.0587,69.66,43,100,3.0,overcast clouds
25,Rosarito,MX,2021-11-01 04:39:13,32.3333,-117.0333,61.75,79,96,3.09,overcast clouds
26,Chuy,UY,2021-11-01 04:39:14,-33.6971,-53.4616,63.19,98,95,6.31,overcast clouds
27,Filingue,NE,2021-11-01 04:39:14,14.3521,3.3168,81.75,17,100,6.87,overcast clouds
28,Mahebourg,MU,2021-11-01 04:39:15,-20.4081,57.7,79.25,78,40,6.91,scattered clouds
29,Jamestown,US,2021-11-01 04:38:45,42.097,-79.2353,51.39,91,90,5.01,overcast clouds
30,Kurilsk,RU,2021-11-01 04:39:15,45.2333,147.8833,41.22,75,99,13.78,overcast clouds
31,Yellowknife,CA,2021-11-01 04:39:16,62.456,-114.3525,33.42,99,90,13.8,overcast clouds
32,Baoro,CF,2021-11-01 04:39:16,5.6667,15.9667,68.58,92,100,2.39,overcast clouds
33,Gigmoto,PH,2021-11-01 04:39:17,13.7796,124.39,84.47,66,38,12.73,scattered clouds
34,Talnakh,RU,2021-11-01 04:39:17,69.4865,88.3972,-11.81,98,87,4.47,overcast clouds
35,Palmerston,AU,2021-11-01 04:39:18,-12.486,130.9833,94.98,54,20,10.36,few clouds
36,Panaba,MX,2021-11-01 04:39:18,21.2833,-88.2667,67.14,78,8,5.06,clear sky
37,Vila Franca Do Campo,PT,2021-11-01 04:39:19,37.7167,-25.4333,73.2,95,100,6.04,overcast clouds
38,Richards Bay,ZA,2021-11-01 04:39:19,-28.783,32.0377,68.74,77,37,8.86,scattered clouds
39,Palmer,US,2021-11-01 04:39:20,42.1584,-72.3287,55.0,72,20,1.01,few clouds
40,Puerto Ayora,EC,2021-11-01 04:39:20,-0.7393,-90.3518,68.67,93,34,6.42,scattered clouds
41,Hobart,AU,2021-11-01 04:36:40,-42.8794,147.3294,66.25,54,75,1.01,broken clouds
42,Cayenne,GF,2021-11-01 04:39:21,4.9333,-52.3333,82.09,83,75,3.0,broken clouds
43,Olinda,BR,2021-11-01 04:39:21,-8.0089,-34.8553,80.33,74,40,6.91,scattered clouds
44,Dikson,RU,2021-11-01 04:39:22,73.5069,80.5464,5.67,93,89,10.58,overcast clouds
45,Cabadiangan,PH,2021-11-01 04:39:22,9.7531,122.4739,87.31,63,64,13.53,broken clouds
46,Itaituba,BR,2021-11-01 04:39:23,-4.2761,-55.9836,74.16,95,74,2.48,broken clouds
47,Teixeira,BR,2021-11-01 04:39:23,-7.2228,-37.2542,67.59,82,24,7.25,few clouds
48,Tshikapa,CD,2021-11-01 04:39:24,-6.4167,20.8,69.85,97,100,1.43,moderate rain
49,Salas,ES,2021-11-01 04:39:24,43.4118,-6.2602,53.17,86,62,5.86,broken clouds
50,Cururupu,BR,2021-11-01 04:39:25,-1.8283,-44.8683,75.74,90,57,3.85,broken clouds
51,Saint-Pierre,RE,2021-11-01 04:39:25,-21.3393,55.4781,78.57,60,0,3.44,clear sky
52,Pisco,PE,2021-11-01 04:35:03,-13.7,-76.2167,60.03,88,0,2.3,clear sky
53,Mataura,NZ,2021-11-01 04:39:27,-46.1927,168.8643,53.47,78,99,8.52,overcast clouds
54,Goderich,CA,2021-11-01 04:39:27,43.7501,-81.7165,48.52,57,89,19.57,overcast clouds
55,Tilichiki,RU,2021-11-01 04:39:27,60.4667,166.1,-4.63,93,17,11.07,few clouds
56,Lebu,CL,2021-11-01 04:39:28,-37.6167,-73.65,50.34,93,80,6.51,broken clouds
57,Lubbock,US,2021-11-01 04:37:40,33.6001,-101.8338,53.38,65,75,5.99,broken clouds
58,Canico,PT,2021-11-01 04:39:29,32.6333,-16.85,72.68,85,20,1.14,few clouds
59,Meadow Lake,US,2021-11-01 04:39:30,34.8014,-106.5436,56.68,59,74,9.46,broken clouds
60,Terre Haute,US,2021-11-01 04:39:31,39.4667,-87.4139,45.97,78,1,1.01,clear sky
61,Provideniya,RU,2021-11-01 04:39:31,64.3833,-173.3,17.71,62,40,11.18,scattered clouds
62,Namatanai,PG,2021-11-01 04:39:32,-3.6667,152.4333,85.14,67,63,11.74,broken clouds
63,Velingrad,BG,2021-11-01 04:39:32,42.0272,23.9957,41.88,90,7,4.05,clear sky
64,Souillac,MU,2021-11-01 04:39:33,-20.5167,57.5167,79.36,78,40,6.91,scattered clouds
65,Quatre Cocos,MU,2021-11-01 04:36:39,-20.2078,57.7625,78.1,70,16,10.22,few clouds
66,Bemidji,US,2021-11-01 04:37:33,47.4736,-94.8803,35.06,78,90,11.5,overcast clouds
67,Otane,NZ,2021-11-01 04:39:34,-39.8833,176.6333,67.39,71,74,7.78,broken clouds
68,Katsuura,JP,2021-11-01 04:39:34,35.1333,140.3,68.14,74,98,7.74,overcast clouds
69,Bredasdorp,ZA,2021-11-01 04:39:35,-34.5322,20.0403,61.29,70,100,8.77,overcast clouds
70,Tangzhai,CN,2021-11-01 04:39:36,34.4328,116.5911,64.31,52,96,9.53,overcast clouds
71,Chingola,ZM,2021-11-01 04:39:36,-12.529,27.8838,70.41,65,68,5.84,broken clouds
72,Fallon,US,2021-11-01 04:39:37,39.4735,-118.7774,55.92,70,1,4.61,clear sky
73,Grindavik,IS,2021-11-01 04:37:29,63.8424,-22.4338,35.55,75,75,23.02,broken clouds
74,Carbonia,IT,2021-11-01 04:39:37,39.1672,8.5222,58.15,94,61,0.74,broken clouds
75,Biltine,TD,2021-11-01 04:36:38,14.5333,20.9167,81.46,22,41,15.84,scattered clouds
76,Husavik,IS,2021-11-01 04:39:38,66.0449,-17.3389,33.71,99,100,18.68,light rain
77,Mildura,AU,2021-11-01 04:39:39,-34.2,142.15,86.07,12,90,3.44,overcast clouds
78,Umba,RU,2021-11-01 04:39:39,66.6871,34.3429,34.45,97,100,13.35,light rain
79,Kommunar,RU,2021-11-01 04:39:40,59.6206,30.39,47.73,94,92,5.61,overcast clouds
80,Tateyama,JP,2021-11-01 04:39:40,34.9833,139.8667,71.15,74,95,7.85,overcast clouds
81,Hasaki,JP,2021-11-01 04:39:41,35.7333,140.8333,70.29,69,100,4.63,overcast clouds
82,Vardo,NO,2021-11-01 04:39:42,70.3705,31.1107,34.0,76,96,17.76,overcast clouds
83,Agirish,RU,2021-11-01 04:39:42,61.9247,63.0231,15.6,90,100,6.4,overcast clouds
84,Barrow,US,2021-11-01 04:39:42,71.2906,-156.7887,19.42,86,40,13.8,scattered clouds
85,Onega,RU,2021-11-01 04:39:43,63.9061,38.1404,40.14,96,100,8.37,light rain
86,Constitucion,CL,2021-11-01 04:39:43,-35.3333,-72.4167,49.23,91,61,5.21,broken clouds
87,Longyearbyen,SJ,2021-11-01 04:39:44,78.2186,15.6401,33.64,75,75,19.57,broken clouds
88,Rikitea,PF,2021-11-01 04:39:44,-23.1203,-134.9692,72.86,75,100,15.39,overcast clouds
89,Poum,NC,2021-11-01 04:39:45,-20.2333,164.0167,76.03,74,2,23.13,clear sky
90,Bambous Virieux,MU,2021-11-01 04:39:45,-20.3428,57.7575,79.21,78,40,6.91,scattered clouds
91,Broome,US,2021-11-01 04:39:46,42.2506,-75.833,52.9,79,75,1.01,broken clouds
92,Yulara,AU,2021-11-01 04:39:47,-25.2406,130.9889,87.64,30,15,6.91,few clouds
93,Sao Filipe,CV,2021-11-01 04:39:47,14.8961,-24.4956,79.65,75,100,8.37,overcast clouds
94,Kasongo-Lunda,CD,2021-11-01 04:39:47,-6.4667,16.8167,69.87,98,100,1.21,overcast clouds
95,Balsas,BR,2021-11-01 04:39:48,-7.5325,-46.0356,77.11,61,78,2.19,broken clouds
96,Hearst,CA,2021-11-01 04:39:49,49.6835,-83.6665,34.05,90,100,12.5,overcast clouds
97,Kristianstad,SE,2021-11-01 04:39:49,56.0313,14.1524,53.98,94,100,5.75,overcast clouds
98,Nikolskoye,RU,2021-11-01 04:39:50,59.7035,30.7861,48.09,94,94,5.57,overcast clouds
99,Lieksa,FI,2021-11-01 04:39:51,63.3167,30.0167,45.63,92,94,10.51,overcast clouds
100,Baiyin,CN,2021-11-01 04:39:10,36.5583,104.2081,41.88,63,99,5.68,overcast clouds
101,Saint-Philippe,RE,2021-11-01 04:39:52,-21.3585,55.7679,78.48,78,60,8.95,broken clouds
102,Iqaluit,CA,2021-11-01 04:39:52,63.7506,-68.5145,28.13,79,75,5.01,broken clouds
103,Huarmey,PE,2021-11-01 04:39:53,-10.0681,-78.1522,63.68,85,16,5.97,few clouds
104,Pevek,RU,2021-11-01 04:39:53,69.7008,170.3133,3.22,95,100,5.88,light snow
105,Gasa,PS,2021-11-01 04:39:54,31.5,34.4667,73.9,49,100,2.68,overcast clouds
106,Liverpool,GB,2021-11-01 04:39:54,53.4106,-2.9779,50.77,80,99,8.01,overcast clouds
107,Kavaratti,IN,2021-11-01 04:39:55,10.5669,72.642,82.09,78,92,8.16,overcast clouds
108,Petropavlovsk-Kamchatskiy,RU,2021-11-01 04:39:55,53.0452,158.6483,36.19,38,40,11.18,scattered clouds
109,Skjervoy,NO,2021-11-01 04:37:03,70.0311,20.9714,41.9,76,100,12.75,overcast clouds
110,Hilo,US,2021-11-01 04:39:52,19.7297,-155.09,76.73,83,90,3.44,overcast clouds
111,Airai,TL,2021-11-01 04:39:56,-8.9266,125.4092,77.34,47,78,2.55,broken clouds
112,Keti Bandar,PK,2021-11-01 04:39:57,24.1447,67.4497,84.02,50,1,12.41,clear sky
113,Qaqortoq,GL,2021-11-01 04:38:20,60.7167,-46.0333,25.3,62,29,7.16,scattered clouds
114,Port Augusta,AU,2021-11-01 04:39:58,-32.5,137.7667,82.54,16,95,5.75,overcast clouds
115,Staryy Nadym,RU,2021-11-01 04:39:58,65.6118,72.6842,4.69,91,81,3.22,broken clouds
116,Atasu,KZ,2021-11-01 04:39:59,48.6814,71.6433,41.49,73,100,17.85,overcast clouds
117,Meulaboh,ID,2021-11-01 04:39:59,4.1363,96.1285,84.7,67,99,5.12,overcast clouds
118,Vanavara,RU,2021-11-01 04:40:00,60.34,102.2797,28.42,93,100,5.55,light snow
119,Sorland,NO,2021-11-01 04:40:00,67.667,12.6934,46.47,79,47,15.23,scattered clouds
120,Sobolevo,RU,2021-11-01 04:40:01,54.4299,31.8996,35.85,83,0,7.11,clear sky
121,Luderitz,NA,2021-11-01 04:40:02,-26.6481,15.1594,61.36,69,100,7.18,overcast clouds
122,Nkowakowa,ZA,2021-11-01 04:40:03,-23.8878,30.2871,59.05,69,0,2.33,clear sky
123,Yangambi,CD,2021-11-01 04:40:04,0.8102,24.4336,68.34,99,100,4.32,moderate rain
124,Batangafo,CF,2021-11-01 04:40:04,7.3008,18.2833,71.2,84,77,4.14,broken clouds
125,Manado,ID,2021-11-01 04:37:59,1.487,124.8455,90.37,62,40,4.61,scattered clouds
126,Isangel,VU,2021-11-01 04:40:05,-19.55,169.2667,77.05,64,74,12.82,broken clouds
127,Fare,PF,2021-11-01 04:40:06,-16.7,-151.0167,79.11,73,82,14.83,broken clouds
128,Shimoda,JP,2021-11-01 04:40:07,34.6667,138.95,68.36,71,86,9.33,overcast clouds
129,Le Port,RE,2021-11-01 04:40:07,-20.9373,55.2919,78.89,81,3,1.1,clear sky
130,Norman Wells,CA,2021-11-01 04:40:08,65.282,-126.8329,12.24,85,40,4.61,scattered clouds
131,Tomatlan,MX,2021-11-01 04:40:09,19.9333,-105.25,72.81,90,0,3.36,clear sky
132,Campobasso,IT,2021-11-01 04:40:09,41.6333,14.5833,56.17,90,100,2.82,overcast clouds
133,Zheleznodorozhnyy,RU,2021-11-01 04:40:10,55.7503,38.0042,37.81,79,5,6.69,clear sky
134,Khingansk,RU,2021-11-01 04:40:10,49.1167,131.1833,37.27,24,14,3.56,few clouds
135,Krasnaya Poyma,RU,2021-11-01 04:40:11,55.0014,39.08,37.33,84,4,7.31,clear sky
136,Kijang,KR,2021-11-01 04:40:11,35.2442,129.2139,71.33,28,58,0.45,broken clouds
137,Kawalu,ID,2021-11-01 04:40:11,-7.3817,108.2082,82.83,76,98,3.29,overcast clouds
138,Hamilton,US,2021-11-01 04:39:48,39.1834,-84.5333,51.24,82,90,1.01,overcast clouds
139,Dong Hoi,VN,2021-11-01 04:40:12,17.4833,106.6,80.29,79,85,7.16,overcast clouds
140,Bara,NG,2021-11-01 04:40:13,10.3744,10.7288,71.31,34,84,1.59,broken clouds
141,Rio Cuarto,AR,2021-11-01 04:40:13,-33.1307,-64.3499,42.84,95,100,8.01,overcast clouds
142,Carnarvon,AU,2021-11-01 04:40:14,-24.8667,113.6333,73.47,53,29,16.11,scattered clouds
143,Alice Springs,AU,2021-11-01 04:35:15,-23.7,133.8833,85.55,37,40,5.75,scattered clouds
144,Hithadhoo,MV,2021-11-01 04:40:15,-0.6,73.0833,82.96,73,88,19.73,overcast clouds
145,Hwange,ZW,2021-11-01 04:40:15,-18.3693,26.5019,82.31,35,33,3.51,scattered clouds
146,Obeliai,LT,2021-11-01 04:40:16,55.9667,25.15,41.56,79,41,9.42,scattered clouds
147,Ruteng,ID,2021-11-01 04:40:16,-8.6136,120.4721,73.22,75,48,0.67,scattered clouds
148,Champerico,GT,2021-11-01 04:40:17,14.3,-91.9167,81.36,84,100,4.72,overcast clouds
149,Abancay,PE,2021-11-01 04:40:17,-13.6339,-72.8814,58.66,91,98,1.01,overcast clouds
150,Kodiak,US,2021-11-01 04:40:18,57.79,-152.4072,42.08,89,100,1.05,overcast clouds
151,Abashiri,JP,2021-11-01 04:39:20,44.0213,144.2697,48.94,87,75,11.5,broken clouds
152,Murray Bridge,AU,2021-11-01 04:40:19,-35.1167,139.2667,85.42,15,0,6.22,clear sky
153,Nabire,ID,2021-11-01 04:40:19,-3.3667,135.4833,83.8,75,76,3.83,broken clouds
154,Roald,NO,2021-11-01 04:40:20,62.5833,6.1333,51.85,66,90,8.05,light rain
155,Puerto El Triunfo,SV,2021-11-01 04:40:20,13.2833,-88.55,77.16,91,67,5.59,broken clouds
156,Berlevag,NO,2021-11-01 04:40:21,70.8578,29.0864,32.0,83,83,16.08,broken clouds
157,Avarua,CK,2021-11-01 04:40:21,-21.2078,-159.775,75.25,69,75,12.66,broken clouds
158,Hami,CN,2021-11-01 04:40:22,42.8,93.45,54.48,38,96,5.03,overcast clouds
159,Georgetown,MY,2021-11-01 04:40:23,5.4112,100.3354,89.53,70,20,3.0,few clouds
160,Ipixuna,BR,2021-11-01 04:40:23,-1.7625,-48.8043,78.75,97,98,3.65,overcast clouds
161,Mahibadhoo,MV,2021-11-01 04:40:24,3.7833,72.9667,83.61,73,61,19.77,broken clouds
162,Fairbanks,US,2021-11-01 04:40:24,64.8378,-147.7164,46.36,41,1,10.36,clear sky
163,Galesburg,US,2021-11-01 04:40:25,40.9478,-90.3712,41.72,78,1,1.01,clear sky
164,Seelze,DE,2021-11-01 04:40:25,52.4,9.6,55.47,80,0,1.99,light rain
165,Saint Paul,US,2021-11-01 04:39:37,44.9444,-93.0933,38.98,71,1,6.91,clear sky
166,Saint Anthony,US,2021-11-01 04:40:26,45.0205,-93.218,38.35,70,1,1.99,clear sky
167,Saint George,US,2021-11-01 04:40:27,37.1041,-113.5841,67.35,48,1,1.01,clear sky
168,Usinsk,RU,2021-11-01 04:40:27,65.9939,57.5281,5.32,86,2,11.54,clear sky
169,Bengkulu,ID,2021-11-01 04:40:28,-3.8004,102.2655,83.7,70,99,7.83,overcast clouds
170,Necochea,AR,2021-11-01 04:40:28,-38.5473,-58.7368,50.04,82,100,9.24,overcast clouds
171,Nsoko,SZ,2021-11-01 04:40:29,-27.0333,31.95,69.66,73,1,5.88,clear sky
172,Touros,BR,2021-11-01 04:40:29,-5.1989,-35.4608,81.5,78,70,14.2,broken clouds
173,Sherman,US,2021-11-01 04:40:30,33.6357,-96.6089,60.91,79,1,9.22,clear sky
174,Kirakira,SB,2021-11-01 04:40:30,-10.4544,161.9205,85.08,67,60,14.41,broken clouds
175,Chapais,CA,2021-11-01 04:40:31,49.7834,-74.8492,40.78,95,100,10.96,overcast clouds
176,Arraial Do Cabo,BR,2021-11-01 04:40:32,-22.9661,-42.0278,69.62,94,100,21.81,moderate rain
177,Sorong,ID,2021-11-01 04:40:33,-0.8833,131.25,84.04,72,77,5.06,light rain
178,Liepaja,LV,2021-11-01 04:40:33,56.5419,21.0367,46.45,81,20,9.22,few clouds
179,Byron Bay,AU,2021-11-01 04:36:11,-28.65,153.6167,73.87,56,100,8.7,overcast clouds
180,Tuatapere,NZ,2021-11-01 04:40:34,-46.1333,167.6833,55.2,73,94,12.26,overcast clouds
181,Esperance,AU,2021-11-01 04:40:35,-33.8667,121.9,73.24,58,100,20.8,overcast clouds
182,Aykhal,RU,2021-11-01 04:40:36,66.0,111.5,4.69,94,97,17.45,overcast clouds
183,Bathsheba,BB,2021-11-01 04:40:36,13.2167,-59.5167,74.01,88,75,17.27,broken clouds
184,Kazaki,RU,2021-11-01 04:40:37,52.6248,38.2649,38.75,70,0,5.77,clear sky
185,Columbus,US,2021-11-01 04:35:38,39.9612,-82.9988,52.47,76,90,1.01,overcast clouds
186,Myaundzha,RU,2021-11-01 04:40:37,63.0494,147.1858,-11.61,97,22,1.19,few clouds
187,Umm Kaddadah,SD,2021-11-01 04:40:38,13.6017,26.6876,81.09,21,36,14.29,scattered clouds
188,Daru,PG,2021-11-01 04:40:38,-9.0763,143.2092,82.45,86,100,15.46,overcast clouds
189,Evensk,RU,2021-11-01 04:38:55,61.95,159.2333,0.61,76,25,8.66,scattered clouds
190,Grand Gaube,MU,2021-11-01 04:40:39,-20.0064,57.6608,79.38,70,1,7.0,clear sky
191,Huilong,CN,2021-11-01 04:36:28,31.8111,121.655,72.99,50,85,8.21,overcast clouds
192,Alfena,PT,2021-11-01 04:40:40,41.2367,-8.5245,56.57,97,75,3.0,broken clouds
193,Fort Nelson,CA,2021-11-01 04:40:41,58.8053,-122.7002,18.99,79,20,0.0,few clouds
194,Kisanga,TZ,2021-11-01 04:40:41,-7.4362,37.7034,79.81,70,63,4.68,broken clouds
195,Naze,JP,2021-11-01 04:40:42,28.3667,129.4833,70.72,77,25,14.45,scattered clouds
196,Tiksi,RU,2021-11-01 04:40:42,71.6872,128.8694,5.36,89,96,7.45,overcast clouds
197,Ponta Do Sol,PT,2021-11-01 04:40:43,32.6667,-17.1,70.72,76,45,0.96,scattered clouds
198,Coahuayana,MX,2021-11-01 04:40:43,18.7333,-103.6833,75.02,87,18,2.73,few clouds
199,Kahului,US,2021-11-01 04:38:25,20.8947,-156.47,78.82,79,20,3.44,few clouds
200,Beringovskiy,RU,2021-11-01 04:40:44,63.05,179.3167,3.2,92,68,12.57,broken clouds
201,Padang,ID,2021-11-01 04:39:06,-0.9492,100.3543,86.05,73,100,4.43,light rain
202,Cidreira,BR,2021-11-01 04:40:45,-30.1811,-50.2056,67.23,90,7,19.86,clear sky
203,Faanui,PF,2021-11-01 04:40:46,-16.4833,-151.75,79.23,73,74,16.08,broken clouds
204,Barentu,ER,2021-11-01 04:40:46,15.1139,37.5928,78.53,45,19,10.31,few clouds
205,Boa Vista,BR,2021-11-01 04:40:46,2.8197,-60.6733,82.38,78,40,6.91,scattered clouds
206,El Alto,PE,2021-11-01 04:40:47,-4.2714,-81.2147,63.41,79,43,13.94,scattered clouds
207,Dudinka,RU,2021-11-01 04:40:48,69.4058,86.1778,-11.09,100,95,5.59,overcast clouds
208,Barguzin,RU,2021-11-01 04:40:48,53.6167,109.6167,36.34,60,37,6.11,scattered clouds
209,Juneau,US,2021-11-01 04:40:49,58.3019,-134.4197,38.1,94,90,0.0,fog
210,Teyateyaneng,LS,2021-11-01 04:40:49,-29.1472,27.7489,61.14,35,40,3.49,scattered clouds
211,Changli,CN,2021-11-01 04:40:50,39.7042,119.1506,54.72,42,4,2.53,clear sky
212,Praia,CV,2021-11-01 04:40:50,14.9215,-23.5087,77.54,94,40,12.66,scattered clouds
213,Zambezi,ZM,2021-11-01 04:40:50,-13.5432,23.1047,70.02,79,93,4.88,overcast clouds
214,Tual,ID,2021-11-01 04:36:28,-5.6667,132.75,84.34,70,92,7.56,light rain
215,Brae,GB,2021-11-01 04:40:51,60.3964,-1.353,49.91,87,59,19.48,broken clouds
216,North Platte,US,2021-11-01 04:40:52,41.1239,-100.7654,33.69,96,90,3.44,snow
217,Shubarkuduk,KZ,2021-11-01 04:40:53,49.1447,56.4872,43.09,56,9,9.93,clear sky
218,Pauini,BR,2021-11-01 04:40:54,-7.7136,-66.9764,74.1,89,96,2.46,overcast clouds
219,Mangalia,RO,2021-11-01 04:40:54,43.8,28.5833,53.15,88,98,9.73,overcast clouds
220,Nyuksenitsa,RU,2021-11-01 04:40:55,60.4128,44.2397,37.31,98,100,4.41,overcast clouds
221,Port Blair,IN,2021-11-01 04:40:55,11.6667,92.75,84.56,71,54,10.83,broken clouds
222,Bima,ID,2021-11-01 04:40:56,-8.4667,118.7167,87.49,66,60,4.79,moderate rain
223,Mar Del Plata,AR,2021-11-01 04:40:56,-38.0023,-57.5575,55.09,91,90,1.01,overcast clouds
224,Tula,RU,2021-11-01 04:40:57,54.2044,37.6111,37.65,81,4,6.02,clear sky
225,Dicabisagan,PH,2021-11-01 04:40:57,17.0818,122.4157,84.16,63,42,9.98,scattered clouds
226,Manavalakurichi,IN,2021-11-01 04:40:58,8.1333,77.3,78.89,84,100,3.58,moderate rain
227,Kant,IN,2021-11-01 04:40:59,27.8,79.8,75.52,44,0,5.26,clear sky
228,Xinyang,CN,2021-11-01 04:40:59,32.1228,114.0656,68.45,52,98,10.94,overcast clouds
229,Shima,CN,2021-11-01 04:41:00,24.4478,117.8111,80.62,55,41,9.22,scattered clouds
230,Upernavik,GL,2021-11-01 04:41:00,72.7868,-56.1549,27.03,95,100,5.23,light snow
231,Marawi,PH,2021-11-01 04:40:09,7.9986,124.2928,75.65,76,84,7.09,broken clouds
232,Poitiers,FR,2021-11-01 04:41:01,46.5833,0.3333,51.26,54,90,9.22,overcast clouds
233,Hollabrunn,AT,2021-11-01 04:41:02,48.55,16.0833,48.29,90,7,4.0,clear sky
234,Las Choapas,MX,2021-11-01 04:41:02,17.9333,-94.0833,69.19,85,28,2.95,scattered clouds
235,Victoria,HK,2021-11-01 04:41:03,22.2855,114.1577,82.45,66,32,3.0,scattered clouds
236,Yining,CN,2021-11-01 04:41:04,29.0361,114.5636,63.91,70,100,1.32,overcast clouds
237,Pangnirtung,CA,2021-11-01 04:38:24,66.1451,-65.7125,19.15,97,96,0.94,overcast clouds
238,Paris,FR,2021-11-01 04:37:40,48.8534,2.3488,49.14,90,75,4.0,broken clouds
239,Shiraoi,JP,2021-11-01 04:41:05,42.55,141.35,59.18,62,60,1.77,broken clouds
240,Ribeira Grande,PT,2021-11-01 04:41:05,38.5167,-28.7,70.74,87,100,7.34,overcast clouds
241,Torbay,CA,2021-11-01 04:41:06,47.6666,-52.7314,46.58,94,90,14.97,light intensity drizzle
242,Polson,US,2021-11-01 04:41:06,47.6936,-114.1632,32.77,73,0,1.59,clear sky
243,Coihaique,CL,2021-11-01 04:40:30,-45.5752,-72.0662,49.95,53,0,4.61,clear sky
244,Aleksandrov Gay,RU,2021-11-01 04:41:07,50.147,48.5704,43.47,57,0,6.62,clear sky
245,Ola,RU,2021-11-01 04:41:08,59.5833,151.2833,15.28,47,1,1.81,clear sky
246,Sayhat,SA,2021-11-01 04:41:08,26.4852,50.0405,80.58,55,0,8.52,clear sky
247,Makakilo City,US,2021-11-01 04:38:04,21.3469,-158.0858,79.12,71,20,8.05,few clouds
248,Toamasina,MG,2021-11-01 04:41:09,-18.1667,49.3833,73.4,94,75,4.61,broken clouds
249,Saldanha,ZA,2021-11-01 04:41:10,-33.0117,17.9442,62.65,74,77,15.84,light rain
250,Ciudad Bolivar,VE,2021-11-01 04:41:10,8.1222,-63.5497,76.75,81,100,6.51,overcast clouds
251,Turinsk,RU,2021-11-01 04:41:11,58.0458,63.696,37.49,97,100,9.91,light rain
252,Kieta,PG,2021-11-01 04:36:33,-6.2167,155.6333,81.86,78,93,1.83,light rain
253,Luganville,VU,2021-11-01 04:41:11,-15.5333,167.1667,80.51,75,47,9.8,scattered clouds
254,Bintulu,MY,2021-11-01 04:41:12,3.1667,113.0333,88.21,74,40,5.01,scattered clouds
255,Hannibal,US,2021-11-01 04:38:52,39.7084,-91.3585,41.92,65,1,0.0,clear sky
256,Kruisfontein,ZA,2021-11-01 04:41:13,-34.0033,24.7314,62.89,81,100,22.19,overcast clouds
257,Dabakala,CI,2021-11-01 04:41:13,8.3667,-4.4333,72.88,91,100,3.8,overcast clouds
258,Long Xuyen,VN,2021-11-01 04:41:14,10.3833,105.4167,85.95,55,75,7.16,broken clouds
259,Belaya Gora,RU,2021-11-01 04:41:14,68.5333,146.4167,-7.26,99,91,1.97,overcast clouds
260,Cherskiy,RU,2021-11-01 04:41:15,68.75,161.3,-3.53,99,100,5.57,overcast clouds
261,Deputatskiy,RU,2021-11-01 04:41:15,69.3,139.9,4.57,89,100,1.68,overcast clouds
262,Dembi Dolo,ET,2021-11-01 04:41:16,8.5333,34.8,60.85,69,21,5.26,few clouds
263,Altay,CN,2021-11-01 04:41:16,47.8667,88.1167,33.58,69,94,6.02,overcast clouds
264,Ortakoy,TR,2021-11-01 04:41:17,38.7373,34.0387,37.65,65,100,5.35,overcast clouds
265,Yumen,CN,2021-11-01 04:41:17,40.2833,97.2,50.56,22,100,17.18,overcast clouds
266,Tigil,RU,2021-11-01 04:41:18,57.8,158.6667,14.54,86,99,4.81,overcast clouds
267,Galle,LK,2021-11-01 04:41:18,6.0367,80.217,81.0,80,100,13.58,overcast clouds
268,Grand Baie,MU,2021-11-01 04:41:19,-20.0182,57.5802,79.45,70,1,7.0,clear sky
269,Waipawa,NZ,2021-11-01 04:41:19,-41.4122,175.5153,60.3,61,68,3.71,broken clouds
270,Kokuy,RU,2021-11-01 04:41:20,52.2037,117.5529,39.94,38,84,4.03,broken clouds
271,Baykit,RU,2021-11-01 04:41:20,61.67,96.37,22.42,93,100,3.36,snow
272,Inuvik,CA,2021-11-01 04:41:21,68.3499,-133.7218,34.56,69,75,6.91,broken clouds
273,Tyukhtet,RU,2021-11-01 04:41:21,56.5389,89.3011,21.99,73,100,13.35,overcast clouds
274,Pombas,CV,2021-11-01 04:41:22,17.1503,-25.0201,74.98,82,99,10.69,overcast clouds
275,Ambon,ID,2021-11-01 04:41:22,-3.6954,128.1814,87.94,70,40,6.91,scattered clouds
276,Sterlibashevo,RU,2021-11-01 04:41:23,53.4376,55.2578,42.67,76,37,14.14,scattered clouds
277,Rosetta,EG,2021-11-01 04:41:23,31.4044,30.4164,67.82,54,79,12.28,broken clouds
278,Luanda,AO,2021-11-01 04:37:30,-8.8368,13.2343,75.2,78,75,5.75,broken clouds
279,Jurm,AF,2021-11-01 04:41:24,36.8648,70.8342,44.44,62,48,0.63,scattered clouds
280,Banda Aceh,ID,2021-11-01 04:38:45,5.5577,95.3222,84.45,69,82,2.57,broken clouds
281,East London,ZA,2021-11-01 04:41:25,-33.0153,27.9116,69.08,72,95,13.33,overcast clouds
282,Vestmannaeyjar,IS,2021-11-01 04:41:25,63.4427,-20.2734,37.42,68,14,26.96,few clouds
283,Sembe,CG,2021-11-01 04:41:26,1.6481,14.5806,68.49,99,100,0.92,light rain
284,Kavieng,PG,2021-11-01 04:41:26,-2.5744,150.7967,85.41,68,65,13.65,broken clouds
285,Aitape,PG,2021-11-01 04:41:27,-3.1374,142.3475,77.97,87,100,4.09,heavy intensity rain
286,Camacha,PT,2021-11-01 04:40:22,33.0833,-16.3333,69.22,83,75,8.05,broken clouds
287,Lompoc,US,2021-11-01 04:41:27,34.6391,-120.4579,57.78,88,1,0.0,clear sky
288,Urumqi,CN,2021-11-01 04:40:10,43.801,87.6005,43.75,66,0,8.95,clear sky
289,Talcahuano,CL,2021-11-01 04:41:28,-36.7167,-73.1167,53.28,82,75,6.91,broken clouds
290,Geraldton,AU,2021-11-01 04:41:29,-28.7667,114.6,70.21,43,47,19.57,scattered clouds
291,Tacoronte,ES,2021-11-01 04:41:29,28.4769,-16.4102,67.98,65,0,1.99,clear sky
292,Sarkand,KZ,2021-11-01 04:36:34,45.41,79.9186,45.03,53,100,6.26,overcast clouds
293,Anloga,GH,2021-11-01 04:41:30,5.7947,0.8973,79.02,80,80,14.92,broken clouds
294,Aklavik,CA,2021-11-01 04:41:30,68.2191,-135.0107,34.52,89,100,8.1,overcast clouds
295,Arroyo,ES,2021-11-01 04:41:31,41.6096,-4.7969,54.14,87,75,10.36,broken clouds
296,Salalah,OM,2021-11-01 04:41:32,17.0151,54.0924,77.09,57,0,1.14,clear sky
297,Namtsy,RU,2021-11-01 04:41:32,62.7161,129.6658,14.11,92,100,3.04,overcast clouds
298,Yerbogachen,RU,2021-11-01 04:40:28,61.2767,108.0108,25.61,92,100,5.26,light snow
299,Biratnagar,NP,2021-11-01 04:41:33,26.4831,87.2834,78.78,56,0,1.68,clear sky
300,Lavrentiya,RU,2021-11-01 04:41:34,65.5833,-171.0,12.33,77,100,9.24,overcast clouds
301,Sao Joao Do Piaui,BR,2021-11-01 04:41:34,-8.3581,-42.2467,77.5,48,95,0.76,overcast clouds
302,Mana,GF,2021-11-01 04:41:35,5.6592,-53.7767,77.76,86,43,6.91,scattered clouds
303,Severo-Kurilsk,RU,2021-11-01 04:41:35,50.6789,156.125,36.12,54,65,22.24,broken clouds
304,Jaisalmer,IN,2021-11-01 04:41:36,26.9147,70.9181,84.2,21,0,16.82,clear sky
305,Ayia Galini,GR,2021-11-01 04:41:36,35.1,24.6833,63.99,82,50,6.98,scattered clouds
306,Moses Lake,US,2021-11-01 04:41:37,47.1301,-119.2781,43.48,38,8,7.27,clear sky
307,Kaili,ID,2021-11-01 04:41:37,-3.4626,120.2147,80.51,67,52,3.96,broken clouds
308,Tanout,NE,2021-11-01 04:41:38,14.9709,8.8879,76.68,21,84,11.01,broken clouds
309,Kloulklubed,PW,2021-11-01 04:37:33,7.0419,134.2556,86.5,69,96,6.15,overcast clouds
310,Doha,QA,2021-11-01 04:41:38,25.2867,51.5333,82.38,71,0,6.91,clear sky
311,Shache,CN,2021-11-01 04:41:39,38.4167,77.2406,54.3,21,33,7.81,scattered clouds
312,Roma,US,2021-11-01 04:39:47,43.2128,-75.4557,53.74,80,90,10.36,overcast clouds
313,Degtyarsk,RU,2021-11-01 04:41:40,56.704,60.0879,41.32,89,100,10.74,overcast clouds
314,Te Anau,NZ,2021-11-01 04:41:40,-45.4167,167.7167,50.02,87,99,5.84,overcast clouds
315,Russell,US,2021-11-01 04:41:41,32.3502,-85.1999,53.2,90,1,0.0,mist
316,Alyangula,AU,2021-11-01 04:41:41,-13.8483,136.4192,93.07,52,40,13.8,moderate rain
317,Lazaro Cardenas,MX,2021-11-01 04:41:42,17.9583,-102.2,77.9,82,92,2.77,overcast clouds
318,Yar-Sale,RU,2021-11-01 04:41:42,66.8333,70.8333,10.24,95,100,2.13,light snow
319,Pecos,US,2021-11-01 04:38:06,31.4229,-103.4932,61.3,44,1,5.75,clear sky
320,Mehamn,NO,2021-11-01 04:41:44,71.0357,27.8492,35.78,86,20,14.97,few clouds
321,Jaque,PA,2021-11-01 04:41:44,7.5175,-78.1703,76.32,89,100,4.25,light rain
322,Sevierville,US,2021-11-01 04:41:45,35.8681,-83.5618,53.11,89,46,2.19,scattered clouds
323,Eucaliptus,BO,2021-11-01 04:41:46,-17.5833,-67.5167,49.62,65,99,8.81,overcast clouds
324,Cockburn Town,TC,2021-11-01 04:41:46,21.4612,-71.1419,81.79,68,98,9.98,overcast clouds
325,Tazovskiy,RU,2021-11-01 04:41:47,67.4667,78.7,-4.11,95,26,8.81,scattered clouds
326,Wencheng,CN,2021-11-01 04:41:47,33.0559,113.7978,65.86,58,100,9.53,overcast clouds
327,Nelson,NZ,2021-11-01 04:41:48,-41.2833,173.2833,63.7,97,25,5.99,scattered clouds
328,Nizhniy Bestyakh,RU,2021-11-01 04:41:48,61.9594,129.9086,13.48,79,40,2.24,scattered clouds
329,Dingle,PH,2021-11-01 04:41:49,10.9995,122.6711,84.61,73,69,14.88,broken clouds
330,Wahiawa,US,2021-11-01 04:41:49,21.5028,-158.0236,77.32,76,20,8.05,few clouds
331,Vao,NC,2021-11-01 04:41:50,-22.6667,167.4833,71.73,74,23,23.13,few clouds
332,Kidal,ML,2021-11-01 04:39:01,18.4411,1.4078,79.95,17,34,8.97,scattered clouds
333,Fortuna,US,2021-11-01 04:37:40,40.5982,-124.1573,61.48,69,75,4.0,broken clouds
334,Santander Jimenez,MX,2021-11-01 04:41:51,24.2167,-98.4667,71.46,80,100,6.51,overcast clouds
335,Yarmouth,US,2021-11-01 04:41:52,41.7057,-70.2286,60.1,89,1,8.01,clear sky
336,Taoudenni,ML,2021-11-01 04:41:52,22.6783,-3.9836,75.11,24,0,11.23,clear sky
337,Bandarbeyla,SO,2021-11-01 04:41:53,9.4942,50.8122,80.56,70,71,15.79,broken clouds
338,Corrientes,AR,2021-11-01 04:41:42,-27.4806,-58.8341,76.96,83,0,0.0,clear sky
339,Port Lincoln,AU,2021-11-01 04:41:53,-34.7333,135.8667,67.77,52,29,7.65,scattered clouds
340,Barra Patuca,HN,2021-11-01 04:41:54,15.8,-84.2833,80.29,68,98,10.11,overcast clouds
341,Chokwe,MZ,2021-11-01 04:41:55,-24.5333,32.9833,72.99,68,0,2.24,clear sky
342,Shelburne,CA,2021-11-01 04:41:55,44.0787,-80.2041,44.85,94,87,18.05,overcast clouds
343,Codrington,AU,2021-11-01 04:41:56,-38.2667,141.9667,62.69,68,0,13.15,clear sky
344,Kenai,US,2021-11-01 04:41:56,60.5544,-151.2583,41.09,92,90,10.36,light rain
345,Kaitangata,NZ,2021-11-01 04:37:00,-46.2817,169.8464,57.92,59,94,11.95,overcast clouds
346,Moerai,PF,2021-11-01 04:41:57,-22.4333,-151.3333,73.99,74,97,20.71,overcast clouds
347,Adrar,MR,2021-11-01 04:41:58,20.5022,-10.0711,78.3,26,80,7.87,broken clouds
348,Klaksvik,FO,2021-11-01 04:41:58,62.2266,-6.589,41.92,77,100,21.97,overcast clouds
349,Ilhabela,BR,2021-11-01 04:41:59,-23.7781,-45.3581,69.89,97,100,6.55,overcast clouds
350,Bethel,US,2021-11-01 04:41:59,41.3712,-73.414,56.01,82,20,5.75,few clouds
351,Boysun,UZ,2021-11-01 04:42:00,38.2061,67.1986,47.62,49,2,2.33,clear sky
352,Obigarm,TJ,2021-11-01 04:42:00,38.7173,69.7088,47.08,38,3,2.55,clear sky
353,Kushmurun,KZ,2021-11-01 04:42:00,52.4503,64.6311,44.96,80,92,14.03,overcast clouds
354,Ossora,RU,2021-11-01 04:42:01,59.2353,163.0719,9.0,78,9,12.12,clear sky
355,Pangody,RU,2021-11-01 04:37:20,65.85,74.4859,-0.9,96,64,5.5,broken clouds
356,Ovsyanka,RU,2021-11-01 04:42:02,55.9575,92.5519,25.77,68,100,14.41,overcast clouds
357,Shebekino,RU,2021-11-01 04:42:02,50.4097,36.9136,35.02,88,0,6.53,clear sky
358,San Policarpo,PH,2021-11-01 04:42:03,12.1791,125.5072,82.78,78,69,12.88,broken clouds
359,Boddam,GB,2021-11-01 04:42:03,57.4667,-1.7833,44.38,84,33,13.09,moderate rain
360,Snezhnogorsk,RU,2021-11-01 04:42:04,69.1933,33.2531,26.38,91,89,10.04,overcast clouds
361,Ribeira Brava,PT,2021-11-01 04:42:04,32.65,-17.0667,70.72,77,41,0.98,scattered clouds
362,Pringsewu,ID,2021-11-01 04:42:05,-5.3582,104.9744,85.95,71,97,1.81,overcast clouds
363,Potosi,BO,2021-11-01 04:42:06,-19.5836,-65.7531,44.65,77,99,4.18,overcast clouds
364,Khatanga,RU,2021-11-01 04:42:06,71.9667,102.5,5.94,95,100,11.68,light snow
365,Hastings,GB,2021-11-01 04:39:46,50.8552,0.5729,53.35,73,92,23.85,overcast clouds
366,Santa Maria,BR,2021-11-01 04:42:08,-29.6842,-53.8069,68.63,89,82,3.44,broken clouds
367,Abu Kamal,SY,2021-11-01 04:42:08,34.4506,40.9171,70.47,55,71,11.1,broken clouds
368,Akdepe,TM,2021-11-01 04:42:09,42.0551,59.3788,42.8,33,0,7.87,clear sky
369,Tomohon,ID,2021-11-01 04:42:09,1.3346,124.8392,81.54,61,84,2.35,broken clouds
370,Amnat Charoen,TH,2021-11-01 04:42:10,15.9167,104.75,89.38,72,65,8.41,broken clouds
371,Dunedin,NZ,2021-11-01 04:37:37,-45.8742,170.5036,62.8,61,41,5.99,scattered clouds
372,Bahia Honda,CU,2021-11-01 04:42:11,22.9036,-83.1592,74.88,76,67,5.26,broken clouds
373,Kargil,IN,2021-11-01 04:42:11,34.5667,76.1,31.86,51,100,1.66,overcast clouds
374,Takhtamygda,RU,2021-11-01 04:42:12,54.1,123.5667,33.64,37,100,3.71,overcast clouds
375,Sao Paulo De Olivenca,BR,2021-11-01 04:42:12,-3.3783,-68.8725,73.26,97,90,0.81,overcast clouds
376,Skerries,IE,2021-11-01 04:42:13,53.5828,-6.1083,48.09,87,100,32.73,overcast clouds
377,Abu Samrah,SY,2021-11-01 04:42:13,35.3029,37.1841,66.15,60,41,9.62,scattered clouds
378,Sioux Lookout,CA,2021-11-01 04:42:14,50.1001,-91.917,32.38,93,90,9.22,light shower snow
379,Port Pirie,AU,2021-11-01 04:42:14,-33.1833,138.0167,82.49,20,30,10.67,scattered clouds
380,Nerchinskiy Zavod,RU,2021-11-01 04:42:15,51.3088,119.61,35.94,36,43,13.15,scattered clouds
381,Jibuti,DJ,2021-11-01 04:42:15,11.5,42.5,78.24,58,58,19.1,broken clouds
382,Haines Junction,CA,2021-11-01 04:42:16,60.7522,-137.5108,24.75,74,100,3.44,overcast clouds
383,Sao Joao Da Barra,BR,2021-11-01 04:42:16,-21.6403,-41.0511,69.96,93,100,16.15,light rain
384,Huntingdon,GB,2021-11-01 04:42:17,52.3305,-0.1865,50.18,82,81,20.0,broken clouds
385,Razdolinsk,RU,2021-11-01 04:42:18,58.4211,94.6658,24.35,75,100,14.7,overcast clouds
386,Severobaykalsk,RU,2021-11-01 04:42:18,55.65,109.3167,33.35,78,98,0.85,overcast clouds
387,Tutoia,BR,2021-11-01 04:42:19,-2.7619,-42.2744,78.42,87,96,12.59,overcast clouds
388,Artyom,AZ,2021-11-01 04:42:19,40.4723,50.333,57.34,81,87,11.79,overcast clouds
389,Pyskowice,PL,2021-11-01 04:42:20,50.4,18.6333,48.7,75,0,4.0,clear sky
390,Oriximina,BR,2021-11-01 04:42:21,-1.7656,-55.8661,75.15,88,65,2.75,broken clouds
391,Ahipara,NZ,2021-11-01 04:42:21,-35.1667,173.1667,59.9,64,32,12.86,scattered clouds
392,Pantai Remis,MY,2021-11-01 04:42:22,4.4557,100.6288,91.42,68,99,5.12,overcast clouds
393,Dekar,BW,2021-11-01 04:42:22,-21.5333,21.9333,71.67,11,0,10.16,clear sky
394,Carauari,BR,2021-11-01 04:42:23,-4.8828,-66.8958,73.63,98,61,1.99,broken clouds
395,Limon,CR,2021-11-01 04:42:23,10.0,-83.0333,75.54,92,100,8.5,overcast clouds
396,Komsomolskiy,UZ,2021-11-01 04:42:24,40.4272,71.7189,49.42,57,5,2.3,clear sky
397,Najran,SA,2021-11-01 04:42:12,17.4924,44.1277,59.65,32,7,5.53,clear sky
398,Swellendam,ZA,2021-11-01 04:42:24,-34.0226,20.4417,62.58,75,100,5.73,overcast clouds
399,Tarragona,ES,2021-11-01 04:42:15,41.129,1.249,67.84,64,0,11.5,light rain
400,Umea,SE,2021-11-01 04:42:25,63.8284,20.2597,42.73,100,90,2.3,mist
401,Ornskoldsvik,SE,2021-11-01 04:42:25,63.2909,18.7153,40.82,100,74,3.44,broken clouds
402,Barra Do Bugres,BR,2021-11-01 04:42:26,-15.0725,-57.1811,69.94,90,93,2.64,overcast clouds
403,Sari,IR,2021-11-01 04:42:26,36.5633,53.0601,53.19,100,11,2.3,few clouds
404,Mitzic,GA,2021-11-01 04:42:27,0.7821,11.549,67.8,99,100,2.06,overcast clouds
405,Nanortalik,GL,2021-11-01 04:42:28,60.1432,-45.2371,33.82,62,49,8.52,scattered clouds
406,Olga,RU,2021-11-01 04:42:28,43.7444,135.2892,49.03,74,100,7.36,light rain
407,Narimanov,RU,2021-11-01 04:42:29,46.6927,47.8498,48.11,63,100,9.93,overcast clouds
408,Camana,PE,2021-11-01 04:42:29,-16.6228,-72.7111,64.53,85,11,6.31,few clouds
409,Auki,SB,2021-11-01 04:42:30,-8.7676,160.7034,80.53,83,100,4.99,overcast clouds
410,Bardiyah,LY,2021-11-01 04:42:30,31.7561,25.0865,68.72,69,67,14.0,broken clouds
411,Portland,US,2021-11-01 04:37:55,45.5234,-122.6762,54.19,47,1,1.01,clear sky
412,Jackson,US,2021-11-01 04:42:31,42.4165,-122.8345,56.16,88,1,3.44,clear sky
413,Sao Felix Do Xingu,BR,2021-11-01 04:42:32,-6.6447,-51.995,71.11,99,82,0.29,broken clouds
414,Yaan,NG,2021-11-01 04:42:32,7.3833,8.5667,72.99,93,41,5.26,scattered clouds
415,Puerto Del Rosario,ES,2021-11-01 04:42:33,28.5004,-13.8627,67.75,77,0,12.66,clear sky
416,Nizwa,OM,2021-11-01 04:42:33,22.9333,57.5333,85.06,15,0,4.92,clear sky
417,Rio Gallegos,AR,2021-11-01 04:42:34,-51.6226,-69.2181,48.25,53,0,29.93,clear sky
418,Hirara,JP,2021-11-01 04:42:34,24.8,125.2833,82.26,69,40,9.22,scattered clouds
419,Yokadouma,CM,2021-11-01 04:42:35,3.5167,15.05,68.22,100,100,1.68,overcast clouds
420,Krasnoselkup,RU,2021-11-01 04:42:36,65.7,82.4667,5.32,93,100,13.31,overcast clouds
421,Derecske,HU,2021-11-01 04:42:36,47.35,21.5667,34.25,100,0,3.44,mist
422,Ternate,ID,2021-11-01 04:42:37,0.8,127.4,83.91,71,99,3.09,overcast clouds
423,Alindao,CF,2021-11-01 04:42:37,5.0267,21.2088,71.37,96,100,1.52,overcast clouds
424,Alugan,PH,2021-11-01 04:42:38,12.2188,125.4808,82.63,78,63,12.33,broken clouds
425,Olovyannaya,RU,2021-11-01 04:42:38,50.95,115.5667,41.49,47,91,15.37,overcast clouds
426,Kyabe,TD,2021-11-01 04:42:39,9.4515,18.9449,75.24,54,72,2.95,broken clouds
427,Chimay,BE,2021-11-01 04:42:39,50.0486,4.3171,46.89,95,55,13.76,broken clouds
428,Guerrero Negro,MX,2021-11-01 04:41:20,27.9769,-114.0611,62.96,87,0,9.66,clear sky
429,Flinders,AU,2021-11-01 04:42:40,-34.5833,150.8552,76.28,65,100,5.01,overcast clouds
430,Tocopilla,CL,2021-11-01 04:42:41,-22.092,-70.1979,63.88,70,0,1.52,clear sky
431,Charlottesville,US,2021-11-01 04:42:41,38.0293,-78.4767,52.7,92,0,3.91,clear sky
432,Harper,LR,2021-11-01 04:42:42,4.375,-7.7169,76.98,87,85,6.55,overcast clouds
433,Mabai,CN,2021-11-01 04:42:42,23.0128,104.4508,58.6,99,100,2.71,overcast clouds
434,Dali,CN,2021-11-01 04:42:43,25.7,100.1833,67.62,44,6,6.35,clear sky
435,Messina,IT,2021-11-01 04:42:43,38.1933,15.5497,65.17,87,40,3.44,scattered clouds
436,Nagato,JP,2021-11-01 04:42:44,34.3833,131.2,71.55,53,100,9.69,overcast clouds
437,Honningsvag,NO,2021-11-01 04:42:44,70.9821,25.9704,35.35,87,40,13.8,scattered clouds
438,Mount Gambier,AU,2021-11-01 04:42:45,-37.8333,140.7667,71.51,33,2,6.91,clear sky
439,Mangrol,IN,2021-11-01 04:38:23,21.1167,70.1167,82.78,33,7,6.29,clear sky
440,Smithers,CA,2021-11-01 04:42:46,54.7804,-127.1743,26.92,80,1,4.61,clear sky
441,Xifeng,CN,2021-11-01 04:42:46,42.7372,124.7222,40.3,79,100,5.21,overcast clouds
442,Eenhana,NA,2021-11-01 04:42:46,-17.4667,16.3333,66.58,20,24,5.12,few clouds
443,Nishihara,JP,2021-11-01 04:42:47,26.1842,127.7558,80.26,65,40,16.11,scattered clouds
444,Rurrenabaque,BO,2021-11-01 04:42:48,-14.4413,-67.5278,77.09,66,62,2.33,broken clouds
445,Darhan,MN,2021-11-01 04:42:48,49.4867,105.9228,42.26,44,100,11.39,overcast clouds
446,Korla,CN,2021-11-01 04:42:49,41.7597,86.1469,54.54,22,13,4.38,few clouds
447,Mao,ES,2021-11-01 04:42:49,39.8885,4.2658,72.16,83,0,9.22,clear sky
448,Chum Phae,TH,2021-11-01 04:42:50,16.5443,102.0992,81.0,75,98,4.25,overcast clouds
449,Izhma,RU,2021-11-01 04:42:50,65.0083,53.9113,4.51,95,19,3.69,few clouds
450,Kalmunai,LK,2021-11-01 04:42:51,7.4167,81.8167,85.95,69,76,8.16,broken clouds
451,Suez,EG,2021-11-01 04:42:51,29.9737,32.5263,75.7,53,100,1.86,overcast clouds
452,Oranjemund,NA,2021-11-01 04:42:52,-28.55,16.4333,60.78,75,100,10.22,overcast clouds
453,Saint-Francois,FR,2021-11-01 04:42:52,46.4154,3.9054,51.24,91,90,2.3,overcast clouds
454,Avera,US,2021-11-01 04:42:53,33.194,-82.5271,55.71,83,0,5.64,clear sky
455,Leningradskiy,RU,2021-11-01 04:42:53,69.3833,178.4167,-1.03,87,99,11.72,overcast clouds
456,Kudahuvadhoo,MV,2021-11-01 04:42:54,2.6708,72.8944,83.35,74,25,20.47,scattered clouds
457,Hofn,IS,2021-11-01 04:42:54,64.2539,-15.2082,39.51,60,100,28.39,overcast clouds
458,Pacific Grove,US,2021-11-01 04:38:16,36.6177,-121.9166,59.11,81,90,1.01,overcast clouds
459,Lasa,IT,2021-11-01 04:42:55,46.6166,10.7002,48.94,99,98,3.94,overcast clouds
460,Ancud,CL,2021-11-01 04:42:56,-41.8697,-73.8203,53.13,94,12,10.33,few clouds
461,Saltpond,GH,2021-11-01 04:42:57,5.2091,-1.0606,76.98,90,90,11.27,overcast clouds
462,Ponta Delgada,PT,2021-11-01 04:42:57,37.7333,-25.6667,73.51,100,75,9.22,broken clouds
463,Bongandanga,CD,2021-11-01 04:42:58,1.5,21.05,70.09,99,100,0.47,overcast clouds
464,Weligama,LK,2021-11-01 04:42:58,5.9667,80.4167,81.34,81,100,11.36,overcast clouds
465,Ife,NG,2021-11-01 04:42:59,7.4667,4.5667,71.82,98,91,1.16,overcast clouds
466,Faya,SA,2021-11-01 04:38:00,18.3851,42.4509,54.12,38,6,7.7,clear sky
467,Mirnyy,RU,2021-11-01 04:38:56,62.5353,113.9611,21.87,73,98,4.43,overcast clouds
468,Rumphi,MW,2021-11-01 04:43:00,-11.0186,33.8575,77.36,53,6,4.05,clear sky
469,Wucheng,CN,2021-11-01 04:43:00,29.6008,118.175,71.94,55,96,2.26,overcast clouds
470,Nouadhibou,MR,2021-11-01 04:43:01,20.931,-17.0347,67.57,83,100,14.34,overcast clouds
471,Sikasso,ML,2021-11-01 04:43:01,10.9167,-7.0,75.16,75,71,4.63,broken clouds
472,Coquimbo,CL,2021-11-01 04:43:02,-29.9533,-71.3436,55.13,94,75,2.3,broken clouds
473,Mier,MX,2021-11-01 04:43:03,26.4333,-99.15,75.88,65,0,15.88,clear sky
474,High Rock,BS,2021-11-01 04:43:03,26.6208,-78.2833,69.82,65,55,6.98,broken clouds
475,Newport,GB,2021-11-01 04:41:18,51.5877,-2.9984,51.76,87,100,22.48,overcast clouds
476,Shebunino,RU,2021-11-01 04:43:04,46.4339,141.8603,43.05,54,61,1.48,broken clouds
477,Mareeba,AU,2021-11-01 04:43:04,-17.0,145.4333,88.45,58,78,12.17,broken clouds
478,Lakatoro,VU,2021-11-01 04:43:05,-16.0999,167.4164,80.06,72,52,8.86,broken clouds
479,Port Hueneme,US,2021-11-01 04:43:05,34.1478,-119.1951,62.62,85,40,0.0,scattered clouds
480,Skrunda,LV,2021-11-01 04:43:06,56.6833,22.0167,46.06,80,22,8.05,few clouds
481,Amapa,BR,2021-11-01 04:43:06,1.0,-52.0,71.22,100,100,2.35,overcast clouds
482,Teknaf,BD,2021-11-01 04:43:07,20.8624,92.3058,85.03,64,67,4.61,broken clouds
483,Fondi,IT,2021-11-01 04:43:07,41.3541,13.4313,63.97,89,100,6.69,overcast clouds
484,Ngunguru,NZ,2021-11-01 04:43:08,-35.6167,174.5,64.17,62,80,13.38,broken clouds
485,Guatire,VE,2021-11-01 04:43:08,10.4762,-66.5427,73.9,97,93,0.96,overcast clouds
486,Ushtobe,KZ,2021-11-01 04:43:09,45.2514,77.9838,49.71,38,98,16.71,overcast clouds
487,Canakkale,TR,2021-11-01 04:43:09,40.0833,26.8333,54.21,96,93,2.55,overcast clouds
488,Mosquera,CO,2021-11-01 04:43:10,4.7059,-74.2302,55.49,94,75,2.3,thunderstorm
489,Almeirim,BR,2021-11-01 04:43:11,-1.5233,-52.5817,76.6,84,97,5.32,overcast clouds
490,Trelew,AR,2021-11-01 04:43:11,-43.249,-65.3051,46.99,79,67,11.77,broken clouds
491,Augustow,PL,2021-11-01 04:43:12,53.8432,22.9798,41.02,76,0,9.28,clear sky
492,Moron,AR,2021-11-01 04:43:13,-34.6534,-58.6198,61.0,93,88,5.01,light rain
493,Trincomalee,LK,2021-11-01 04:43:13,8.5711,81.2335,84.31,75,25,10.07,scattered clouds
494,Campo Maior,BR,2021-11-01 04:43:14,-4.8278,-42.1686,74.95,83,81,3.96,broken clouds
495,Tombouctou,ML,2021-11-01 04:43:14,20.0,-3.0,75.31,24,1,11.03,clear sky
496,Along,IN,2021-11-01 04:43:15,28.1667,94.7667,79.56,43,18,0.98,few clouds
497,Catalina,US,2021-11-01 04:43:15,32.5056,-110.9211,69.39,31,6,3.29,clear sky
498,Hambantota,LK,2021-11-01 04:43:16,6.1241,81.1185,86.34,79,40,5.75,scattered clouds
499,Port Arthur,CN,2021-11-01 04:43:16,38.8,121.2667,55.9,88,0,19.48,clear sky
500,Mandera,KE,2021-11-01 04:43:17,3.9366,41.867,81.46,57,17,10.85,few clouds
501,Rokiskis,LT,2021-11-01 04:43:17,55.9667,25.5833,41.14,80,40,8.52,scattered clouds
502,Sinnamary,GF,2021-11-01 04:39:36,5.3833,-52.95,78.31,85,83,6.82,broken clouds
503,Inhambane,MZ,2021-11-01 04:43:18,-23.865,35.3833,67.98,83,20,0.0,few clouds
504,Springbok,ZA,2021-11-01 04:43:19,-29.6643,17.8865,49.96,84,100,18.61,overcast clouds
505,Cardoso,BR,2021-11-01 04:43:20,-20.0819,-49.9142,65.93,96,33,6.58,scattered clouds
506,Port Hawkesbury,CA,2021-11-01 04:43:20,45.6169,-61.3485,58.17,99,90,5.99,mist
507,Vila Velha,BR,2021-11-01 04:43:21,-20.3297,-40.2925,69.75,100,90,2.3,moderate rain
508,San Patricio,US,2021-11-01 04:43:21,28.017,-97.5169,75.81,63,0,7.65,clear sky
509,Bud,US,2021-11-01 04:43:22,39.447,-86.1758,46.49,87,0,7.49,clear sky
510,Puerto Madryn,AR,2021-11-01 04:43:22,-42.7692,-65.0385,48.9,81,100,13.53,overcast clouds
511,Wajima,JP,2021-11-01 04:43:23,37.4,136.9,66.88,77,75,3.44,light rain
512,Lorengau,PG,2021-11-01 04:40:42,-2.0226,147.2712,83.5,78,100,9.78,overcast clouds
513,Teguldet,RU,2021-11-01 04:41:20,57.3064,88.1667,19.22,68,100,11.48,overcast clouds
514,Trelleborg,SE,2021-11-01 04:43:24,55.3751,13.1569,54.18,81,100,16.84,overcast clouds
515,Bagdarin,RU,2021-11-01 04:43:24,54.4333,113.6,32.4,58,23,3.76,few clouds
516,Marsa Matruh,EG,2021-11-01 04:42:30,31.3525,27.2453,64.6,82,0,17.27,clear sky
517,Saint-Augustin,CA,2021-11-01 04:43:10,51.226,-58.6502,43.54,78,100,7.81,overcast clouds
518,Tsiroanomandidy,MG,2021-11-01 04:43:25,-18.7667,46.0333,76.77,42,0,3.11,clear sky
519,Catuday,PH,2021-11-01 04:43:26,16.2923,119.8062,83.71,62,37,5.23,scattered clouds
520,Mahon,ES,2021-11-01 04:43:26,39.8885,4.2658,72.16,83,0,9.22,clear sky
521,Mfou,CM,2021-11-01 04:43:27,3.7159,11.6427,67.44,99,99,3.4,overcast clouds
522,Lingao,CN,2021-11-01 04:43:28,19.9103,109.6859,79.16,83,45,13.73,light rain
523,Prabumulih,ID,2021-11-01 04:43:28,-3.45,104.25,84.79,70,99,3.4,light rain
524,Shantipur,IN,2021-11-01 04:43:29,23.25,88.4667,84.09,47,2,6.58,clear sky
525,Wajir,KE,2021-11-01 04:43:29,1.7471,40.0573,79.47,63,38,16.8,scattered clouds
526,Inverness,GB,2021-11-01 04:39:09,57.4791,-4.224,48.11,94,90,1.99,overcast clouds
527,Salinas,US,2021-11-01 04:40:17,36.6777,-121.6555,59.7,76,1,5.75,clear sky
528,Basco,PH,2021-11-01 04:43:31,20.4487,121.9702,80.69,69,38,17.85,scattered clouds
529,Payo,ID,2021-11-01 04:43:31,-3.7508,103.6372,85.3,73,98,2.89,overcast clouds
530,Perth,AU,2021-11-01 04:39:04,-31.9333,115.8333,66.2,49,40,21.85,scattered clouds
531,Bulgan,MN,2021-11-01 04:43:32,48.8125,103.5347,40.87,37,94,4.07,overcast clouds
532,Clyde River,CA,2021-11-01 04:43:33,70.4692,-68.5914,20.41,91,100,5.28,overcast clouds
533,Popondetta,PG,2021-11-01 04:43:33,-8.7537,148.2534,90.36,46,88,7.34,overcast clouds
534,Winslow,US,2021-11-01 04:43:33,35.0242,-110.6974,54.97,45,1,10.36,clear sky
535,Narsaq,GL,2021-11-01 04:43:34,60.9167,-46.05,25.02,64,30,7.58,scattered clouds
536,Phan Thiet,VN,2021-11-01 04:40:14,10.9333,108.1,86.11,68,60,10.31,broken clouds
537,Palmas,BR,2021-11-01 04:43:35,-10.2128,-48.3603,75.07,88,75,0.0,broken clouds
538,Mumford,GH,2021-11-01 04:43:35,5.2618,-0.759,78.12,87,80,12.8,broken clouds
539,Woodward,US,2021-11-01 04:43:36,36.4337,-99.3904,45.97,65,1,4.61,clear sky
540,Karratha,AU,2021-11-01 04:42:25,-20.7377,116.8463,80.46,49,4,16.33,clear sky
541,Santa Catarina Pinula,GT,2021-11-01 04:43:36,14.5689,-90.4953,61.92,87,0,1.01,clear sky
542,Zhezkazgan,KZ,2021-11-01 04:43:37,47.8043,67.7144,45.55,64,100,17.34,overcast clouds
543,Sakakah,SA,2021-11-01 04:43:37,29.9697,40.2064,69.37,34,100,10.74,overcast clouds
544,Eidfjord,NO,2021-11-01 04:43:38,60.4675,7.0719,50.59,100,100,4.68,overcast clouds
545,Mokhsogollokh,RU,2021-11-01 04:43:39,61.4681,128.9203,23.18,79,100,4.07,overcast clouds
546,Iquique,CL,2021-11-01 04:43:39,-20.2208,-70.1431,60.84,71,3,0.18,clear sky
547,Saint-Raymond,CA,2021-11-01 04:43:40,45.467,-73.6095,52.25,86,75,4.61,broken clouds
548,Ondjiva,AO,2021-11-01 04:43:40,-17.0667,15.7333,66.51,19,40,5.35,scattered clouds
549,Victor Harbor,AU,2021-11-01 04:43:41,-35.5667,138.6167,85.19,59,0,1.99,clear sky
550,Cabo San Lucas,MX,2021-11-01 04:42:21,22.8909,-109.9124,79.9,80,11,4.0,few clouds
551,Batticaloa,LK,2021-11-01 04:43:42,7.7102,81.6924,85.19,72,63,9.1,broken clouds
552,Port Shepstone,ZA,2021-11-01 04:43:42,-30.7414,30.455,68.31,80,4,13.31,clear sky
553,Thinadhoo,MV,2021-11-01 04:43:43,0.5333,72.9333,82.99,75,81,19.01,broken clouds
554,Waingapu,ID,2021-11-01 04:43:43,-9.6567,120.2641,87.76,61,79,9.17,broken clouds
555,Mbekenyera,TZ,2021-11-01 04:43:44,-10.0,38.9833,77.49,71,92,7.94,overcast clouds
556,Nara,JP,2021-11-01 04:43:45,34.6851,135.8049,74.91,49,99,3.04,overcast clouds
557,Virginia Beach,US,2021-11-01 04:43:45,36.8529,-75.978,62.62,77,1,8.05,clear sky
558,Williams Lake,CA,2021-11-01 04:43:45,52.1415,-122.1445,31.57,85,1,1.01,clear sky
559,San Jose,US,2021-11-01 04:43:12,37.3394,-121.895,60.28,70,94,1.01,overcast clouds
560,Nome,US,2021-11-01 04:42:08,64.5011,-165.4064,14.07,79,1,0.0,clear sky
561,Marzuq,YE,2021-11-01 04:43:47,14.4,46.4667,69.6,45,15,6.46,few clouds
562,Copiapo,CL,2021-11-01 04:43:47,-27.3667,-70.3333,53.29,65,0,2.57,clear sky
563,Tripoli,LY,2021-11-01 04:42:21,32.8752,13.1875,71.96,47,15,14.14,few clouds
564,Horasan,TR,2021-11-01 04:43:48,40.0458,42.1728,47.21,82,81,0.76,broken clouds
565,Rubiataba,BR,2021-11-01 04:43:49,-15.1644,-49.8033,67.87,93,38,3.27,light rain
566,Port Macquarie,AU,2021-11-01 04:43:49,-31.4333,152.9167,73.36,53,99,12.95,overcast clouds
567,Orlik,RU,2021-11-01 04:39:40,52.5178,99.825,33.75,50,100,7.72,overcast clouds
568,Asau,RO,2021-11-01 04:43:50,46.4333,26.4,38.32,93,1,4.5,clear sky
569,Qasigiannguit,GL,2021-11-01 04:39:20,68.8193,-51.1922,34.05,90,100,7.36,overcast clouds
570,Tevaitoa,PF,2021-11-01 04:43:51,-16.7833,-151.5,79.12,72,86,16.75,overcast clouds
571,Anshun,CN,2021-11-01 04:43:51,26.25,105.9333,53.74,89,96,4.85,overcast clouds
572,Eufaula,US,2021-11-01 04:43:52,31.8913,-85.1455,54.03,98,0,4.61,clear sky
573,Sikonge,TZ,2021-11-01 04:43:53,-5.6333,32.7667,73.2,64,98,4.27,overcast clouds
574,Ambositra,MG,2021-11-01 04:43:53,-20.5167,47.25,70.52,64,1,2.84,clear sky
575,Lodja,CD,2021-11-01 04:43:54,-3.4833,23.4333,69.03,89,100,1.81,overcast clouds
576,Hovd,MN,2021-11-01 04:43:54,48.0056,91.6419,39.87,16,15,15.05,few clouds
577,Illescas,ES,2021-11-01 04:43:55,40.1221,-3.847,59.88,85,100,9.4,overcast clouds
578,Tanete,ID,2021-11-01 04:43:55,-3.9443,119.7848,90.16,60,52,4.5,broken clouds
579,La Ligua,CL,2021-11-01 04:43:56,-32.4524,-71.2311,51.58,92,71,1.97,broken clouds
580,Boyuibe,BO,2021-11-01 04:43:56,-20.4167,-63.2833,69.57,86,77,2.64,broken clouds
581,Mkushi,ZM,2021-11-01 04:43:57,-13.6202,29.3939,77.13,36,75,4.47,broken clouds
582,Antalaha,MG,2021-11-01 04:41:35,-14.9003,50.2788,80.15,68,1,2.19,clear sky
583,Sindor,RU,2021-11-01 04:43:57,62.8629,51.8905,21.69,93,99,6.04,overcast clouds
584,Karpathos,GR,2021-11-01 04:43:58,35.507,27.2132,62.56,88,100,10.36,overcast clouds
585,Kuznechikha,RU,2021-11-01 04:43:59,57.2161,42.3348,36.75,93,16,7.81,few clouds
586,Hun,LY,2021-11-01 04:43:59,29.1268,15.9477,67.23,31,6,5.73,clear sky
587,Shingu,JP,2021-11-01 04:44:00,33.7333,135.9833,74.39,68,64,5.32,broken clouds
588,Noumea,NC,2021-11-01 04:43:44,-22.2763,166.4572,77.0,99,87,16.67,overcast clouds
589,Rapina,EE,2021-11-01 04:44:01,58.0981,27.4636,48.49,90,99,5.95,overcast clouds
590,Rio Grande,BR,2021-11-01 04:44:02,-32.035,-52.0986,69.94,89,26,14.23,scattered clouds
591,Samarai,PG,2021-11-01 04:44:02,-10.6167,150.6667,83.64,78,100,15.03,overcast clouds
592,Ilebo,CD,2021-11-01 04:44:03,-4.3167,20.5833,68.63,99,100,0.18,light rain
593,Jermuk,AM,2021-11-01 04:44:04,39.8417,45.6723,42.71,90,99,1.74,overcast clouds
594,Nanpiao,CN,2021-11-01 04:44:04,41.0982,120.7479,50.14,31,3,7.11,clear sky
595,Lagunas,PE,2021-11-01 04:44:04,-5.2269,-75.6753,75.83,84,20,1.1,few clouds
596,Panji,ID,2021-11-01 04:44:05,-7.7253,114.0995,86.83,63,100,6.33,overcast clouds
597,Kousseri,CM,2021-11-01 04:44:05,12.0769,15.0306,75.16,33,100,8.05,dust
598,Tura,IN,2021-11-01 04:44:06,25.5198,90.2201,76.93,48,0,0.16,clear sky
599,Southbridge,US,2021-11-01 04:44:06,42.0751,-72.0334,54.72,84,65,1.99,broken clouds
600,Ilulissat,GL,2021-11-01 04:39:18,69.2167,-51.1,33.82,80,75,12.66,light rain
601,Mount Isa,AU,2021-11-01 04:44:07,-20.7333,139.5,94.77,31,39,9.22,scattered clouds
602,Porto Velho,BR,2021-11-01 04:44:08,-8.7619,-63.9039,77.05,88,20,2.3,heavy intensity rain
603,White Rock,CA,2021-11-01 04:40:58,49.0164,-122.8026,48.2,78,0,1.14,clear sky
604,Porto Novo,BJ,2021-11-01 04:43:12,6.4965,2.6036,76.82,87,97,7.27,overcast clouds
605,Emerald,AU,2021-11-01 04:44:09,-23.5333,148.1667,84.34,45,90,13.8,overcast clouds
606,Lucapa,AO,2021-11-01 04:44:09,-8.4192,20.7447,66.0,96,100,2.15,overcast clouds
607,La Reforma,MX,2021-11-01 04:44:10,25.0833,-108.05,78.15,78,58,3.96,broken clouds
608,Savannah Bight,HN,2021-11-01 04:44:10,16.45,-85.85,79.0,60,75,9.66,broken clouds
609,Lata,PT,2021-11-01 04:44:11,40.1629,-8.3327,59.92,96,100,4.99,overcast clouds
610,Banepa,NP,2021-11-01 04:44:11,27.6298,85.5214,64.72,63,40,3.44,scattered clouds
611,Moundou,TD,2021-11-01 04:44:12,8.5667,16.0833,73.92,68,89,3.69,overcast clouds
612,Tatarsk,RU,2021-11-01 04:44:12,55.219,75.9828,27.52,90,100,12.19,overcast clouds
613,Road Town,VG,2021-11-01 04:41:23,18.4167,-64.6167,79.0,68,6,11.7,clear sky
614,Dezful,IR,2021-11-01 04:44:13,32.3811,48.4058,83.37,21,100,0.94,overcast clouds
615,Itarema,BR,2021-11-01 04:41:45,-2.9248,-39.9167,80.33,76,57,13.44,broken clouds
616,Mingshui,CN,2021-11-01 04:44:14,36.7167,117.5,63.59,44,0,7.18,clear sky
617,Roura,GF,2021-11-01 04:44:15,4.7263,-52.3274,81.97,94,75,0.0,broken clouds
618,Rocky Mount,US,2021-11-01 04:40:44,35.9382,-77.7905,51.87,87,1,0.0,clear sky
619,Paita,PE,2021-11-01 04:44:15,-5.0892,-81.1144,64.87,80,16,8.59,few clouds
620,Nakamura,JP,2021-11-01 04:44:16,32.9833,132.9333,71.46,60,77,2.75,broken clouds
621,Osmena,PH,2021-11-01 04:44:16,10.5208,119.9258,83.88,72,88,17.52,overcast clouds
622,Pontianak,ID,2021-11-01 04:44:17,-0.0333,109.3333,85.98,79,75,0.0,broken clouds
623,Ambunti,PG,2021-11-01 04:44:17,-4.2365,142.8448,78.94,96,100,3.4,heavy intensity rain
624,Naliya,IN,2021-11-01 04:44:18,23.2667,68.8333,85.42,33,0,7.65,clear sky
625,Oussouye,SN,2021-11-01 04:44:18,12.485,-16.5469,77.47,84,43,4.99,scattered clouds
626,Voskresenskoye,RU,2021-11-01 04:44:19,56.8381,45.4317,37.4,93,27,7.27,scattered clouds
627,Kapuskasing,CA,2021-11-01 04:44:19,49.4169,-82.4331,35.6,93,90,12.66,overcast clouds
628,Xinzhou,CN,2021-11-01 04:44:20,38.4092,112.7333,52.77,37,0,0.47,clear sky
629,Canton,CN,2021-11-01 04:44:20,23.1167,113.25,82.99,58,85,5.41,overcast clouds
630,Guaimaca,HN,2021-11-01 04:44:21,14.5333,-86.8167,71.2,93,77,0.83,broken clouds
631,Novoagansk,RU,2021-11-01 04:44:21,61.9449,76.6625,4.68,88,17,7.02,few clouds
632,Indaiatuba,BR,2021-11-01 04:44:22,-23.0903,-47.2181,68.18,82,100,8.05,overcast clouds
633,Chara,RU,2021-11-01 04:44:22,56.9064,118.2631,27.84,59,16,1.28,few clouds
634,Amzya,RU,2021-11-01 04:44:23,56.2354,54.3868,40.3,91,100,7.4,overcast clouds
635,Toowoomba,AU,2021-11-01 04:44:23,-27.55,151.9667,68.74,36,72,12.21,broken clouds
636,Sitka,US,2021-11-01 04:44:24,57.0531,-135.33,48.09,43,40,8.05,scattered clouds
637,Iquitos,PE,2021-11-01 04:44:24,-3.7481,-73.2472,73.44,94,90,4.61,light rain
638,Kanker,IN,2021-11-01 04:44:25,20.2719,81.4931,79.11,57,58,4.25,broken clouds
639,Jasper,US,2021-11-01 04:44:25,37.2001,-94.3502,45.88,67,1,4.61,clear sky
640,Ko Samui,TH,2021-11-01 04:44:26,9.5357,99.9357,80.51,89,40,5.75,light rain
641,Mazagao,BR,2021-11-01 04:42:48,-0.115,-51.2894,82.45,96,79,4.12,broken clouds
642,Arys,KZ,2021-11-01 04:44:26,42.4252,68.795,50.22,46,9,3.24,clear sky
643,Buchanan,LR,2021-11-01 04:44:27,5.8808,-10.0467,76.33,86,92,4.68,overcast clouds
644,Vaitape,PF,2021-11-01 04:44:27,-16.5167,-151.75,79.23,73,75,16.08,broken clouds
645,Okitipupa,NG,2021-11-01 04:44:28,6.5047,4.7839,75.02,95,76,0.92,light rain
646,Caucaia,BR,2021-11-01 04:44:28,-3.7361,-38.6531,84.07,77,40,12.66,scattered clouds
647,Wellingborough,GB,2021-11-01 04:44:29,52.3027,-0.6945,49.55,80,74,19.8,broken clouds
648,Martapura,ID,2021-11-01 04:44:29,-3.4167,114.85,87.89,66,40,4.61,scattered clouds
649,High Prairie,CA,2021-11-01 04:44:30,55.4334,-116.4858,24.1,55,10,5.48,clear sky
650,Yenagoa,NG,2021-11-01 04:44:30,4.9247,6.2642,74.71,94,100,1.59,light rain
651,Belmonte,BR,2021-11-01 04:44:31,-15.8631,-38.8828,77.5,87,58,6.71,broken clouds
652,Litovko,RU,2021-11-01 04:44:31,49.2361,135.1742,41.07,35,2,3.38,clear sky
653,Suihua,CN,2021-11-01 04:44:32,46.6406,126.9969,43.68,26,3,2.01,clear sky
654,Zaozhuang,CN,2021-11-01 04:44:32,34.8647,117.5542,62.31,50,84,7.9,broken clouds
655,Dedovichi,RU,2021-11-01 04:44:33,57.5517,29.9502,40.62,89,61,5.75,broken clouds
656,Mogzon,RU,2021-11-01 04:44:34,51.7435,111.9606,41.13,39,100,3.33,overcast clouds
657,Saint-Joseph,RE,2021-11-01 04:44:34,-21.3667,55.6167,78.48,75,35,7.0,scattered clouds
658,Puerto Escondido,MX,2021-11-01 04:44:35,15.85,-97.0667,77.34,85,72,5.68,broken clouds
659,Trinidad,BO,2021-11-01 04:44:35,-14.8333,-64.9,83.73,48,74,5.23,broken clouds
660,Teya,RU,2021-11-01 04:44:36,60.3778,92.6267,20.59,81,98,10.04,overcast clouds
661,Bam,IR,2021-11-01 04:44:36,29.106,58.357,71.62,26,0,13.2,clear sky
662,Bilibino,RU,2021-11-01 04:43:23,68.0546,166.4372,-24.77,100,99,2.28,overcast clouds
663,Chemodanovka,RU,2021-11-01 04:44:37,53.2316,45.2474,39.27,82,6,4.43,clear sky
664,Walvis Bay,NA,2021-11-01 04:44:38,-22.9575,14.5053,59.09,88,0,8.05,clear sky
665,Rawson,AR,2021-11-01 04:44:38,-43.3002,-65.1023,47.61,78,67,13.47,broken clouds
666,Rorvik,NO,2021-11-01 04:44:15,64.8621,11.2373,47.73,71,99,25.48,overcast clouds
667,Youghal,IE,2021-11-01 04:44:39,51.95,-7.8506,46.58,98,17,14.9,few clouds
668,Porto-Vecchio,FR,2021-11-01 04:44:39,41.591,9.2795,62.26,100,90,6.91,overcast clouds
669,Caravelas,BR,2021-11-01 04:44:40,-17.7125,-39.2481,74.34,84,43,7.94,scattered clouds
670,Vityazevo,RU,2021-11-01 04:44:40,44.9931,37.2719,46.81,93,0,4.47,clear sky
671,Togur,RU,2021-11-01 04:44:41,58.3631,82.8265,17.04,68,100,8.5,overcast clouds
672,Prince Albert,CA,2021-11-01 04:42:10,53.2001,-105.7677,24.75,80,75,4.61,broken clouds
673,Dwarka,IN,2021-11-01 04:44:41,22.2394,68.9678,83.1,41,1,2.42,clear sky
674,Onguday,RU,2021-11-01 04:44:42,50.75,86.15,33.82,45,100,3.91,overcast clouds
675,Okhtyrka,UA,2021-11-01 04:44:42,50.3104,34.8988,38.19,88,0,7.34,clear sky
676,Lagoa,PT,2021-11-01 04:44:43,39.05,-27.9833,68.36,91,100,9.71,overcast clouds
677,Kroonstad,ZA,2021-11-01 04:44:43,-27.6504,27.2349,63.99,38,5,4.83,clear sky
678,Opuwo,NA,2021-11-01 04:44:44,-18.0607,13.84,65.03,22,1,2.62,clear sky
679,Muros,ES,2021-11-01 04:44:44,42.7762,-9.0603,56.23,96,33,8.19,scattered clouds
680,Soyo,AO,2021-11-01 04:44:45,-6.1349,12.3689,77.02,82,100,10.89,overcast clouds
681,Alofi,NU,2021-11-01 04:44:45,-19.0595,-169.9187,78.69,65,75,14.97,broken clouds
682,Springfield,US,2021-11-01 04:41:55,37.2153,-93.2982,46.42,84,1,1.01,clear sky
683,Tres Arroyos,AR,2021-11-01 04:40:08,-38.3739,-60.2798,50.5,81,100,3.78,overcast clouds
684,Riyadh,SA,2021-11-01 04:41:49,24.6877,46.7219,66.34,23,0,3.69,clear sky
685,Povenets,RU,2021-11-01 04:44:46,62.8487,34.8262,42.8,97,100,7.49,overcast clouds
686,Campbell River,CA,2021-11-01 04:44:47,50.0163,-125.2446,36.93,100,1,2.3,clear sky
687,Minab,IR,2021-11-01 04:44:47,27.1467,57.0801,81.9,19,0,3.89,clear sky
688,Victoria Point,AU,2021-11-01 04:44:48,-27.5833,153.3,76.48,55,85,4.0,overcast clouds
689,Slantsy,RU,2021-11-01 04:44:48,59.1182,28.0914,42.01,95,59,4.41,broken clouds
690,Wanning,CN,2021-11-01 04:44:49,18.8003,110.3967,78.89,87,48,9.06,scattered clouds
